{
    "accuracy": 91.52690772261542,
    "test_loss": 0.23166814352820317
}